{
  "encrypt": "7TnJPB4lKtjEcCWWjN6jSA==",
  "datacenter": "dctest",
  "data_dir": "./data",
  "log_level": "INFO",
  "node_name": "foobar",
  "server": true,
  "addresses": { "https": "127.0.0.1" },
  "ports": { "https": 8080 },

  "services": [
    {
      "id": "1:1",
      "name": "BS-API",
      "tags": ["svc1"],
      "address": "127.0.0.1",
      "port": 5001,
      "checks": [
        {
          "id": "1:1_check",
          "name": "001_check",
          "http": "http://127.0.0.1:5001/health",
          "interval": "10s",
          "tls_skip_verify": false,
          "method": "GET",
          "timeout": "1s"
        }
      ]
    }
  ]
}
